gene,DPP4,local,global
KF530099.1,sp|P27487|DPP4_HUMAN,82,-70050
KF530099.1,sp|P28843|DPP4_MOUSE,66,-70110
ENA|JX869059|JX869059.2,sp|P27487|DPP4_HUMAN,60,-68760
ENA|JX869059|JX869059.2,sp|P28843|DPP4_MOUSE,72,-68864
ENA|KC164505|KC164505.2,sp|P27487|DPP4_HUMAN,60,-68755
ENA|KC164505|KC164505.2,sp|P28843|DPP4_MOUSE,66,-68853
ENA|KC667074|KC667074.1,sp|P27487|DPP4_HUMAN,60,-68755
ENA|KC667074|KC667074.1,sp|P28843|DPP4_MOUSE,66,-68853
ENA|KC776174|KC776174.1,sp|P27487|DPP4_HUMAN,60,-68653
ENA|KC776174|KC776174.1,sp|P28843|DPP4_MOUSE,72,-68763
ENA|KF186564|KF186564.1,sp|P27487|DPP4_HUMAN,60,-68773
ENA|KF186564|KF186564.1,sp|P28843|DPP4_MOUSE,66,-68870
ENA|KF186565|KF186565.1,sp|P27487|DPP4_HUMAN,60,-68773
ENA|KF186565|KF186565.1,sp|P28843|DPP4_MOUSE,66,-68870
ENA|KF186566|KF186566.1,sp|P27487|DPP4_HUMAN,60,-68773
ENA|KF186566|KF186566.1,sp|P28843|DPP4_MOUSE,66,-68870
ENA|KF186567|KF186567.1,sp|P27487|DPP4_HUMAN,60,-68773
ENA|KF186567|KF186567.1,sp|P28843|DPP4_MOUSE,66,-68870
ENA|KF192507|KF192507.1,sp|P27487|DPP4_HUMAN,63,-68796
ENA|KF192507|KF192507.1,sp|P28843|DPP4_MOUSE,66,-68896
ENA|KF600612|KF600612.1,sp|P27487|DPP4_HUMAN,60,-68750
ENA|KF600612|KF600612.1,sp|P28843|DPP4_MOUSE,66,-68841
ENA|KF600613|KF600613.1,sp|P27487|DPP4_HUMAN,64,-68737
ENA|KF600613|KF600613.1,sp|P28843|DPP4_MOUSE,66,-68838
ENA|KF600620|KF600620.1,sp|P27487|DPP4_HUMAN,60,-68750
ENA|KF600620|KF600620.1,sp|P28843|DPP4_MOUSE,66,-68841
ENA|KF600627|KF600627.1,sp|P27487|DPP4_HUMAN,60,-68773
ENA|KF600627|KF600627.1,sp|P28843|DPP4_MOUSE,66,-68870
ENA|KF600628|KF600628.1,sp|P27487|DPP4_HUMAN,60,-68726
ENA|KF600628|KF600628.1,sp|P28843|DPP4_MOUSE,72,-68824
ENA|KF600630|KF600630.1,sp|P27487|DPP4_HUMAN,60,-68771
ENA|KF600630|KF600630.1,sp|P28843|DPP4_MOUSE,66,-68869
ENA|KF600632|KF600632.1,sp|P27487|DPP4_HUMAN,60,-68773
ENA|KF600632|KF600632.1,sp|P28843|DPP4_MOUSE,66,-68872
ENA|KF600634|KF600634.1,sp|P27487|DPP4_HUMAN,66,-68741
ENA|KF600634|KF600634.1,sp|P28843|DPP4_MOUSE,66,-68838
ENA|KF600644|KF600644.1,sp|P27487|DPP4_HUMAN,60,-68773
ENA|KF600644|KF600644.1,sp|P28843|DPP4_MOUSE,66,-68870
ENA|KF600645|KF600645.1,sp|P27487|DPP4_HUMAN,60,-68781
ENA|KF600645|KF600645.1,sp|P28843|DPP4_MOUSE,66,-68878
ENA|KF600647|KF600647.1,sp|P27487|DPP4_HUMAN,60,-68781
ENA|KF600647|KF600647.1,sp|P28843|DPP4_MOUSE,66,-68878
ENA|KF600651|KF600651.1,sp|P27487|DPP4_HUMAN,60,-68741
ENA|KF600651|KF600651.1,sp|P28843|DPP4_MOUSE,66,-68838
ENA|KF600652|KF600652.1,sp|P27487|DPP4_HUMAN,60,-68771
ENA|KF600652|KF600652.1,sp|P28843|DPP4_MOUSE,66,-68868
ENA|KF745068|KF745068.1,sp|P27487|DPP4_HUMAN,60,-68515
ENA|KF745068|KF745068.1,sp|P28843|DPP4_MOUSE,66,-68609
ENA|KF958702|KF958702.1,sp|P27487|DPP4_HUMAN,65,-68095
ENA|KF958702|KF958702.1,sp|P28843|DPP4_MOUSE,66,-68196
ENA|KF961222|KF961222.1,sp|P27487|DPP4_HUMAN,59,-68722
ENA|KF961222|KF961222.1,sp|P28843|DPP4_MOUSE,72,-68821
ENA|KJ156866|KJ156866.1,sp|P27487|DPP4_HUMAN,60,-68741
ENA|KJ156866|KJ156866.1,sp|P28843|DPP4_MOUSE,66,-68838
ENA|KJ156869|KJ156869.1,sp|P27487|DPP4_HUMAN,60,-68743
ENA|KJ156869|KJ156869.1,sp|P28843|DPP4_MOUSE,66,-68844
ENA|KJ156874|KJ156874.1,sp|P27487|DPP4_HUMAN,60,-68735
ENA|KJ156874|KJ156874.1,sp|P28843|DPP4_MOUSE,66,-68832
ENA|KJ156881|KJ156881.1,sp|P27487|DPP4_HUMAN,60,-68739
ENA|KJ156881|KJ156881.1,sp|P28843|DPP4_MOUSE,66,-68842
ENA|KJ156910|KJ156910.1,sp|P27487|DPP4_HUMAN,60,-68735
ENA|KJ156910|KJ156910.1,sp|P28843|DPP4_MOUSE,66,-68832
ENA|KJ156934|KJ156934.1,sp|P27487|DPP4_HUMAN,60,-68735
ENA|KJ156934|KJ156934.1,sp|P28843|DPP4_MOUSE,72,-68835
ENA|KJ156944|KJ156944.1,sp|P27487|DPP4_HUMAN,60,-68739
ENA|KJ156944|KJ156944.1,sp|P28843|DPP4_MOUSE,69,-68847
ENA|KJ156949|KJ156949.1,sp|P27487|DPP4_HUMAN,60,-68735
ENA|KJ156949|KJ156949.1,sp|P28843|DPP4_MOUSE,66,-68834
ENA|KJ156952|KJ156952.1,sp|P27487|DPP4_HUMAN,60,-68736
ENA|KJ156952|KJ156952.1,sp|P28843|DPP4_MOUSE,66,-68837
ENA|KJ361501|KJ361501.1,sp|P27487|DPP4_HUMAN,60,-68507
ENA|KJ361501|KJ361501.1,sp|P28843|DPP4_MOUSE,66,-68601
ENA|KJ361502|KJ361502.1,sp|P27487|DPP4_HUMAN,60,-68198
ENA|KJ361502|KJ361502.1,sp|P28843|DPP4_MOUSE,66,-68297
ENA|KJ361503|KJ361503.1,sp|P27487|DPP4_HUMAN,60,-68672
ENA|KJ361503|KJ361503.1,sp|P28843|DPP4_MOUSE,66,-68773
ENA|KJ556336|KJ556336.1,sp|P27487|DPP4_HUMAN,65,-68673
ENA|KJ556336|KJ556336.1,sp|P28843|DPP4_MOUSE,66,-68757
ENA|KJ813439|KJ813439.1,sp|P27487|DPP4_HUMAN,60,-68779
ENA|KJ813439|KJ813439.1,sp|P28843|DPP4_MOUSE,72,-68879
ENA|KJ829365|KJ829365.1,sp|P27487|DPP4_HUMAN,60,-68783
ENA|KJ829365|KJ829365.1,sp|P28843|DPP4_MOUSE,66,-68878
ENA|KM015348|KM015348.1,sp|P27487|DPP4_HUMAN,60,-68660
ENA|KM015348|KM015348.1,sp|P28843|DPP4_MOUSE,66,-68757
ENA|KM027255|KM027255.1,sp|P27487|DPP4_HUMAN,60,-68342
ENA|KM027255|KM027255.1,sp|P28843|DPP4_MOUSE,66,-68441
ENA|KM027256|KM027256.1,sp|P27487|DPP4_HUMAN,60,-68350
ENA|KM027256|KM027256.1,sp|P28843|DPP4_MOUSE,66,-68446
ENA|KM027257|KM027257.1,sp|P27487|DPP4_HUMAN,60,-67980
ENA|KM027257|KM027257.1,sp|P28843|DPP4_MOUSE,66,-68070
ENA|KM027258|KM027258.1,sp|P27487|DPP4_HUMAN,60,-68065
ENA|KM027258|KM027258.1,sp|P28843|DPP4_MOUSE,66,-68160
ENA|KM027259|KM027259.1,sp|P27487|DPP4_HUMAN,60,-68350
ENA|KM027259|KM027259.1,sp|P28843|DPP4_MOUSE,66,-68446
ENA|KM027260|KM027260.1,sp|P27487|DPP4_HUMAN,60,-68414
ENA|KM027260|KM027260.1,sp|P28843|DPP4_MOUSE,66,-68502
ENA|KM027261|KM027261.1,sp|P27487|DPP4_HUMAN,60,-68063
ENA|KM027261|KM027261.1,sp|P28843|DPP4_MOUSE,66,-68158
ENA|KM027262|KM027262.1,sp|P27487|DPP4_HUMAN,60,-68466
ENA|KM027262|KM027262.1,sp|P28843|DPP4_MOUSE,72,-68562
ENA|KM210277|KM210277.1,sp|P27487|DPP4_HUMAN,60,-68660
ENA|KM210277|KM210277.1,sp|P28843|DPP4_MOUSE,66,-68757
ENA|KM210278|KM210278.1,sp|P27487|DPP4_HUMAN,60,-68660
ENA|KM210278|KM210278.1,sp|P28843|DPP4_MOUSE,66,-68757
ENA|KP209306|KP209306.1,sp|P27487|DPP4_HUMAN,60,-68788
ENA|KP209306|KP209306.1,sp|P28843|DPP4_MOUSE,66,-68888
ENA|KP209307|KP209307.1,sp|P27487|DPP4_HUMAN,60,-68789
ENA|KP209307|KP209307.1,sp|P28843|DPP4_MOUSE,66,-68888
ENA|KP209308|KP209308.1,sp|P27487|DPP4_HUMAN,60,-68788
ENA|KP209308|KP209308.1,sp|P28843|DPP4_MOUSE,66,-68888
ENA|KP209309|KP209309.1,sp|P27487|DPP4_HUMAN,60,-68789
ENA|KP209309|KP209309.1,sp|P28843|DPP4_MOUSE,66,-68888
ENA|KP209310|KP209310.1,sp|P27487|DPP4_HUMAN,60,-68788
ENA|KP209310|KP209310.1,sp|P28843|DPP4_MOUSE,66,-68888
ENA|KP209311|KP209311.1,sp|P27487|DPP4_HUMAN,60,-68789
ENA|KP209311|KP209311.1,sp|P28843|DPP4_MOUSE,66,-68888
ENA|KP209312|KP209312.1,sp|P27487|DPP4_HUMAN,59,-68787
ENA|KP209312|KP209312.1,sp|P28843|DPP4_MOUSE,66,-68885
ENA|KP209313|KP209313.1,sp|P27487|DPP4_HUMAN,60,-68789
ENA|KP209313|KP209313.1,sp|P28843|DPP4_MOUSE,66,-68888
ENA|KP223131|KP223131.1,sp|P27487|DPP4_HUMAN,60,-68783
ENA|KP223131|KP223131.1,sp|P28843|DPP4_MOUSE,66,-68878
ENA|KR011263|KR011263.1,sp|P27487|DPP4_HUMAN,60,-68768
ENA|KR011263|KR011263.1,sp|P28843|DPP4_MOUSE,69,-68866
ENA|KR011264|KR011264.1,sp|P27487|DPP4_HUMAN,60,-68768
ENA|KR011264|KR011264.1,sp|P28843|DPP4_MOUSE,69,-68866
ENA|KR011265|KR011265.1,sp|P27487|DPP4_HUMAN,60,-68768
ENA|KR011265|KR011265.1,sp|P28843|DPP4_MOUSE,69,-68866
ENA|KR011266|KR011266.1,sp|P27487|DPP4_HUMAN,60,-68768
ENA|KR011266|KR011266.1,sp|P28843|DPP4_MOUSE,69,-68866
ENA|KT006149|KT006149.2,sp|P27487|DPP4_HUMAN,61,-68789
ENA|KT006149|KT006149.2,sp|P28843|DPP4_MOUSE,72,-68884
ENA|KT026455|KT026455.1,sp|P27487|DPP4_HUMAN,61,-68795
ENA|KT026455|KT026455.1,sp|P28843|DPP4_MOUSE,72,-68892
ENA|KT026456|KT026456.1,sp|P27487|DPP4_HUMAN,61,-68787
ENA|KT026456|KT026456.1,sp|P28843|DPP4_MOUSE,72,-68881
ENA|KT029139|KT029139.1,sp|P27487|DPP4_HUMAN,61,-68754
ENA|KT029139|KT029139.1,sp|P28843|DPP4_MOUSE,72,-68852
ENA|AP006557|AP006557.1,sp|P27487|DPP4_HUMAN,73,-68265
ENA|AP006557|AP006557.1,sp|P28843|DPP4_MOUSE,59,-68315
ENA|AP006558|AP006558.1,sp|P27487|DPP4_HUMAN,73,-68259
ENA|AP006558|AP006558.1,sp|P28843|DPP4_MOUSE,59,-68310
ENA|AP006559|AP006559.1,sp|P27487|DPP4_HUMAN,73,-68265
ENA|AP006559|AP006559.1,sp|P28843|DPP4_MOUSE,59,-68315
ENA|AP006560|AP006560.1,sp|P27487|DPP4_HUMAN,73,-68265
ENA|AP006560|AP006560.1,sp|P28843|DPP4_MOUSE,59,-68315
ENA|AP006561|AP006561.1,sp|P27487|DPP4_HUMAN,73,-68265
ENA|AP006561|AP006561.1,sp|P28843|DPP4_MOUSE,59,-68315
ENA|AY278487|AY278487.3,sp|P27487|DPP4_HUMAN,73,-68313
ENA|AY278487|AY278487.3,sp|P28843|DPP4_MOUSE,59,-68369
ENA|AY278488|AY278488.2,sp|P27487|DPP4_HUMAN,73,-68025
ENA|AY278488|AY278488.2,sp|P28843|DPP4_MOUSE,59,-68080
ENA|AY278489|AY278489.2,sp|P27487|DPP4_HUMAN,73,-68383
ENA|AY278489|AY278489.2,sp|P28843|DPP4_MOUSE,73,-68470
ENA|AY278490|AY278490.3,sp|P27487|DPP4_HUMAN,73,-68306
ENA|AY278490|AY278490.3,sp|P28843|DPP4_MOUSE,59,-68356
ENA|AY278741|AY278741.1,sp|P27487|DPP4_HUMAN,73,-68265
ENA|AY278741|AY278741.1,sp|P28843|DPP4_MOUSE,59,-68315
ENA|AY279354|AY279354.2,sp|P27487|DPP4_HUMAN,75,-68292
ENA|AY279354|AY279354.2,sp|P28843|DPP4_MOUSE,75,-68376
ENA|AY283794|AY283794.1,sp|P27487|DPP4_HUMAN,73,-68240
ENA|AY283794|AY283794.1,sp|P28843|DPP4_MOUSE,73,-68323
ENA|AY283795|AY283795.1,sp|P27487|DPP4_HUMAN,73,-68224
ENA|AY283795|AY283795.1,sp|P28843|DPP4_MOUSE,73,-68307
ENA|AY283796|AY283796.1,sp|P27487|DPP4_HUMAN,73,-68243
ENA|AY283796|AY283796.1,sp|P28843|DPP4_MOUSE,73,-68323
ENA|AY283797|AY283797.1,sp|P27487|DPP4_HUMAN,73,-68255
ENA|AY283797|AY283797.1,sp|P28843|DPP4_MOUSE,73,-68332
ENA|AY283798|AY283798.2,sp|P27487|DPP4_HUMAN,73,-68240
ENA|AY283798|AY283798.2,sp|P28843|DPP4_MOUSE,73,-68323
ENA|AY286320|AY286320.4,sp|P27487|DPP4_HUMAN,73,-59349
ENA|AY286320|AY286320.4,sp|P28843|DPP4_MOUSE,73,-59431
ENA|AY291315|AY291315.1,sp|P27487|DPP4_HUMAN,73,-68265
ENA|AY291315|AY291315.1,sp|P28843|DPP4_MOUSE,59,-68315
ENA|AY291451|AY291451.1,sp|P27487|DPP4_HUMAN,73,-68265
ENA|AY291451|AY291451.1,sp|P28843|DPP4_MOUSE,59,-68315
ENA|AY297028|AY297028.1,sp|P27487|DPP4_HUMAN,66,-68220
ENA|AY297028|AY297028.1,sp|P28843|DPP4_MOUSE,71,-68267
ENA|AY304487|AY304487.1,sp|P27487|DPP4_HUMAN,50,-13618
ENA|AY304487|AY304487.1,sp|P28843|DPP4_MOUSE,50,-13739
ENA|AY304489|AY304489.1,sp|P27487|DPP4_HUMAN,50,-13258
ENA|AY304489|AY304489.1,sp|P28843|DPP4_MOUSE,50,-13371
ENA|AY304490|AY304490.1,sp|P27487|DPP4_HUMAN,66,-25512
ENA|AY304490|AY304490.1,sp|P28843|DPP4_MOUSE,76,-25591
ENA|AY304491|AY304491.1,sp|P27487|DPP4_HUMAN,73,-19422
ENA|AY304491|AY304491.1,sp|P28843|DPP4_MOUSE,53,-19481
ENA|AY304492|AY304492.1,sp|P27487|DPP4_HUMAN,61,-25513
ENA|AY304492|AY304492.1,sp|P28843|DPP4_MOUSE,71,-25592
ENA|AY304493|AY304493.1,sp|P27487|DPP4_HUMAN,73,-19502
ENA|AY304493|AY304493.1,sp|P28843|DPP4_MOUSE,55,-19586
ENA|AY304494|AY304494.1,sp|P27487|DPP4_HUMAN,73,-19502
ENA|AY304494|AY304494.1,sp|P28843|DPP4_MOUSE,55,-19582
ENA|AY304495|AY304495.1,sp|P27487|DPP4_HUMAN,73,-68264
ENA|AY304495|AY304495.1,sp|P28843|DPP4_MOUSE,73,-68347
ENA|AY310120|AY310120.1,sp|P27487|DPP4_HUMAN,73,-68297
ENA|AY310120|AY310120.1,sp|P28843|DPP4_MOUSE,59,-68347
ENA|AY313906|AY313906.1,sp|P27487|DPP4_HUMAN,60,-68319
ENA|AY313906|AY313906.1,sp|P28843|DPP4_MOUSE,59,-68370
ENA|AY321118|AY321118.1,sp|P27487|DPP4_HUMAN,73,-68258
ENA|AY321118|AY321118.1,sp|P28843|DPP4_MOUSE,59,-68314
ENA|AY362698|AY362698.1,sp|P27487|DPP4_HUMAN,73,-68265
ENA|AY362698|AY362698.1,sp|P28843|DPP4_MOUSE,59,-68315
ENA|AY362699|AY362699.1,sp|P27487|DPP4_HUMAN,73,-68265
ENA|AY362699|AY362699.1,sp|P28843|DPP4_MOUSE,59,-68315
ENA|AY390556|AY390556.1,sp|P27487|DPP4_HUMAN,73,-68329
ENA|AY390556|AY390556.1,sp|P28843|DPP4_MOUSE,59,-68386
ENA|AY394850|AY394850.2,sp|P27487|DPP4_HUMAN,71,-68267
ENA|AY394850|AY394850.2,sp|P28843|DPP4_MOUSE,59,-68322
ENA|AY394988|AY394988.1,sp|P27487|DPP4_HUMAN,73,-68091
ENA|AY394988|AY394988.1,sp|P28843|DPP4_MOUSE,59,-68155
ENA|AY394993|AY394993.1,sp|P27487|DPP4_HUMAN,73,-68304
ENA|AY394993|AY394993.1,sp|P28843|DPP4_MOUSE,73,-68387
ENA|AY394998|AY394998.1,sp|P27487|DPP4_HUMAN,73,-68304
ENA|AY394998|AY394998.1,sp|P28843|DPP4_MOUSE,73,-68387
ENA|AY394999|AY394999.1,sp|P27487|DPP4_HUMAN,73,-67314
ENA|AY394999|AY394999.1,sp|P28843|DPP4_MOUSE,73,-67395
ENA|AY395000|AY395000.1,sp|P27487|DPP4_HUMAN,73,-67318
ENA|AY395000|AY395000.1,sp|P28843|DPP4_MOUSE,73,-67395
ENA|AY395001|AY395001.1,sp|P27487|DPP4_HUMAN,73,-67318
ENA|AY395001|AY395001.1,sp|P28843|DPP4_MOUSE,73,-67395
ENA|AY395002|AY395002.1,sp|P27487|DPP4_HUMAN,73,-67318
ENA|AY395002|AY395002.1,sp|P28843|DPP4_MOUSE,73,-67395
ENA|AY461660|AY461660.1,sp|P27487|DPP4_HUMAN,73,-68244
ENA|AY461660|AY461660.1,sp|P28843|DPP4_MOUSE,73,-68327
ENA|AY463059|AY463059.1,sp|P27487|DPP4_HUMAN,73,-67823
ENA|AY463059|AY463059.1,sp|P28843|DPP4_MOUSE,59,-67887
ENA|AY463060|AY463060.1,sp|P27487|DPP4_HUMAN,73,-66298
ENA|AY463060|AY463060.1,sp|P28843|DPP4_MOUSE,59,-66362
ENA|AY502923|AY502923.1,sp|P27487|DPP4_HUMAN,73,-68265
ENA|AY502923|AY502923.1,sp|P28843|DPP4_MOUSE,59,-68315
ENA|AY502924|AY502924.1,sp|P27487|DPP4_HUMAN,73,-68267
ENA|AY502924|AY502924.1,sp|P28843|DPP4_MOUSE,59,-68318
ENA|AY502925|AY502925.1,sp|P27487|DPP4_HUMAN,73,-68265
ENA|AY502925|AY502925.1,sp|P28843|DPP4_MOUSE,59,-68315
ENA|AY502926|AY502926.1,sp|P27487|DPP4_HUMAN,73,-68265
ENA|AY502926|AY502926.1,sp|P28843|DPP4_MOUSE,59,-68315
ENA|AY502927|AY502927.1,sp|P27487|DPP4_HUMAN,73,-68265
ENA|AY502927|AY502927.1,sp|P28843|DPP4_MOUSE,59,-68315
ENA|AY502928|AY502928.1,sp|P27487|DPP4_HUMAN,73,-68265
ENA|AY502928|AY502928.1,sp|P28843|DPP4_MOUSE,59,-68315
ENA|AY502929|AY502929.1,sp|P27487|DPP4_HUMAN,73,-68265
ENA|AY502929|AY502929.1,sp|P28843|DPP4_MOUSE,59,-68315
ENA|AY502930|AY502930.1,sp|P27487|DPP4_HUMAN,73,-68265
ENA|AY502930|AY502930.1,sp|P28843|DPP4_MOUSE,59,-68315
ENA|AY502931|AY502931.1,sp|P27487|DPP4_HUMAN,73,-68265
ENA|AY502931|AY502931.1,sp|P28843|DPP4_MOUSE,59,-68315
ENA|AY502932|AY502932.1,sp|P27487|DPP4_HUMAN,73,-68265
ENA|AY502932|AY502932.1,sp|P28843|DPP4_MOUSE,59,-68315
ENA|AY545914|AY545914.1,sp|P27487|DPP4_HUMAN,72,-68006
ENA|AY545914|AY545914.1,sp|P28843|DPP4_MOUSE,59,-68078
ENA|AY545915|AY545915.1,sp|P27487|DPP4_HUMAN,72,-68015
ENA|AY545915|AY545915.1,sp|P28843|DPP4_MOUSE,59,-68084
ENA|AY545916|AY545916.1,sp|P27487|DPP4_HUMAN,72,-68049
ENA|AY545916|AY545916.1,sp|P28843|DPP4_MOUSE,59,-68114
ENA|AY545917|AY545917.1,sp|P27487|DPP4_HUMAN,72,-68113
ENA|AY545917|AY545917.1,sp|P28843|DPP4_MOUSE,63,-68171
ENA|AY545918|AY545918.1,sp|P27487|DPP4_HUMAN,72,-68092
ENA|AY545918|AY545918.1,sp|P28843|DPP4_MOUSE,59,-68155
ENA|AY545919|AY545919.1,sp|P27487|DPP4_HUMAN,72,-68065
ENA|AY545919|AY545919.1,sp|P28843|DPP4_MOUSE,59,-68128
ENA|AY559081|AY559081.1,sp|P27487|DPP4_HUMAN,73,-68237
ENA|AY559081|AY559081.1,sp|P28843|DPP4_MOUSE,73,-68311
ENA|AY559082|AY559082.1,sp|P27487|DPP4_HUMAN,73,-68098
ENA|AY559082|AY559082.1,sp|P28843|DPP4_MOUSE,59,-68147
ENA|AY559083|AY559083.1,sp|P27487|DPP4_HUMAN,73,-68353
ENA|AY559083|AY559083.1,sp|P28843|DPP4_MOUSE,73,-68436
ENA|AY559084|AY559084.1,sp|P27487|DPP4_HUMAN,73,-68271
ENA|AY559084|AY559084.1,sp|P28843|DPP4_MOUSE,73,-68355
ENA|AY559085|AY559085.1,sp|P27487|DPP4_HUMAN,73,-68248
ENA|AY559085|AY559085.1,sp|P28843|DPP4_MOUSE,73,-68331
ENA|AY559086|AY559086.1,sp|P27487|DPP4_HUMAN,73,-68135
ENA|AY559086|AY559086.1,sp|P28843|DPP4_MOUSE,73,-68221
ENA|AY559087|AY559087.1,sp|P27487|DPP4_HUMAN,73,-68259
ENA|AY559087|AY559087.1,sp|P28843|DPP4_MOUSE,73,-68339
ENA|AY559088|AY559088.1,sp|P27487|DPP4_HUMAN,73,-68252
ENA|AY559088|AY559088.1,sp|P28843|DPP4_MOUSE,59,-68315
ENA|AY559089|AY559089.1,sp|P27487|DPP4_HUMAN,73,-68264
ENA|AY559089|AY559089.1,sp|P28843|DPP4_MOUSE,73,-68316
ENA|AY559090|AY559090.1,sp|P27487|DPP4_HUMAN,66,-68308
ENA|AY559090|AY559090.1,sp|P28843|DPP4_MOUSE,63,-68398
ENA|AY559091|AY559091.1,sp|P27487|DPP4_HUMAN,73,-68236
ENA|AY559091|AY559091.1,sp|P28843|DPP4_MOUSE,73,-68318
ENA|AY559092|AY559092.1,sp|P27487|DPP4_HUMAN,73,-68260
ENA|AY559092|AY559092.1,sp|P28843|DPP4_MOUSE,73,-68339
ENA|AY559093|AY559093.1,sp|P27487|DPP4_HUMAN,73,-68251
ENA|AY559093|AY559093.1,sp|P28843|DPP4_MOUSE,73,-68331
ENA|AY559094|AY559094.1,sp|P27487|DPP4_HUMAN,66,-67863
ENA|AY559094|AY559094.1,sp|P28843|DPP4_MOUSE,72,-67928
ENA|AY559095|AY559095.1,sp|P27487|DPP4_HUMAN,73,-68248
ENA|AY559095|AY559095.1,sp|P28843|DPP4_MOUSE,73,-68331
ENA|AY559096|AY559096.1,sp|P27487|DPP4_HUMAN,73,-67980
ENA|AY559096|AY559096.1,sp|P28843|DPP4_MOUSE,59,-68035
ENA|AY559097|AY559097.1,sp|P27487|DPP4_HUMAN,73,-68232
ENA|AY559097|AY559097.1,sp|P28843|DPP4_MOUSE,60,-68304
ENA|AY568539|AY568539.1,sp|P27487|DPP4_HUMAN,72,-68096
ENA|AY568539|AY568539.1,sp|P28843|DPP4_MOUSE,59,-68164
ENA|AY572035|AY572035.1,sp|P27487|DPP4_HUMAN,72,-67544
ENA|AY572035|AY572035.1,sp|P28843|DPP4_MOUSE,59,-67606
ENA|AY613947|AY613947.1,sp|P27487|DPP4_HUMAN,72,-68095
ENA|AY613947|AY613947.1,sp|P28843|DPP4_MOUSE,64,-68156
ENA|AY654624|AY654624.1,sp|P27487|DPP4_HUMAN,73,-68311
ENA|AY654624|AY654624.1,sp|P28843|DPP4_MOUSE,59,-68354
ENA|AY686864|AY686864.1,sp|P27487|DPP4_HUMAN,68,-67541
ENA|AY686864|AY686864.1,sp|P28843|DPP4_MOUSE,59,-67606
ENA|AY772062|AY772062.1,sp|P27487|DPP4_HUMAN,73,-67518
ENA|AY772062|AY772062.1,sp|P28843|DPP4_MOUSE,59,-67567
ENA|AY864805|AY864805.1,sp|P27487|DPP4_HUMAN,73,-68329
ENA|AY864805|AY864805.1,sp|P28843|DPP4_MOUSE,59,-68379
ENA|AY864806|AY864806.1,sp|P27487|DPP4_HUMAN,73,-68329
ENA|AY864806|AY864806.1,sp|P28843|DPP4_MOUSE,59,-68379
ENA|DQ497008|DQ497008.1,sp|P27487|DPP4_HUMAN,73,-68267
ENA|DQ497008|DQ497008.1,sp|P28843|DPP4_MOUSE,58,-68316
ENA|DQ898174|DQ898174.1,sp|P27487|DPP4_HUMAN,73,-68329
ENA|DQ898174|DQ898174.1,sp|P28843|DPP4_MOUSE,59,-68379
ENA|EU371561|EU371561.1,sp|P27487|DPP4_HUMAN,73,-67933
ENA|EU371561|EU371561.1,sp|P28843|DPP4_MOUSE,59,-67986
ENA|FJ882926|FJ882926.1,sp|P27487|DPP4_HUMAN,73,-67925
ENA|FJ882926|FJ882926.1,sp|P28843|DPP4_MOUSE,59,-67984
ENA|FJ882930|FJ882930.1,sp|P27487|DPP4_HUMAN,73,-67925
ENA|FJ882930|FJ882930.1,sp|P28843|DPP4_MOUSE,59,-67984
ENA|FJ882957|FJ882957.1,sp|P27487|DPP4_HUMAN,73,-68265
ENA|FJ882957|FJ882957.1,sp|P28843|DPP4_MOUSE,59,-68316
ENA|FJ882963|FJ882963.1,sp|P27487|DPP4_HUMAN,73,-67913
ENA|FJ882963|FJ882963.1,sp|P28843|DPP4_MOUSE,59,-67968
ENA|FJ959407|FJ959407.1,sp|P27487|DPP4_HUMAN,72,-68040
ENA|FJ959407|FJ959407.1,sp|P28843|DPP4_MOUSE,59,-68112
ENA|JX163923|JX163923.1,sp|P27487|DPP4_HUMAN,73,-67873
ENA|JX163923|JX163923.1,sp|P28843|DPP4_MOUSE,59,-67928
ENA|JX163924|JX163924.1,sp|P27487|DPP4_HUMAN,73,-67875
ENA|JX163924|JX163924.1,sp|P28843|DPP4_MOUSE,59,-67929
ENA|JX163925|JX163925.1,sp|P27487|DPP4_HUMAN,73,-67873
ENA|JX163925|JX163925.1,sp|P28843|DPP4_MOUSE,59,-67928
ENA|JX163926|JX163926.1,sp|P27487|DPP4_HUMAN,73,-67873
ENA|JX163926|JX163926.1,sp|P28843|DPP4_MOUSE,59,-67928
ENA|JX163927|JX163927.1,sp|P27487|DPP4_HUMAN,73,-67873
ENA|JX163927|JX163927.1,sp|P28843|DPP4_MOUSE,59,-67928
ENA|JX163928|JX163928.1,sp|P27487|DPP4_HUMAN,73,-67873
ENA|JX163928|JX163928.1,sp|P28843|DPP4_MOUSE,59,-67928
ENA|AH013708|AH013708.2,sp|P27487|DPP4_HUMAN,61,-58336
ENA|AH013708|AH013708.2,sp|P28843|DPP4_MOUSE,58,-58388
ENA|AH013709|AH013709.2,sp|P27487|DPP4_HUMAN,73,-61993
ENA|AH013709|AH013709.2,sp|P28843|DPP4_MOUSE,73,-62061
ENA|AY278491|AY278491.2,sp|P27487|DPP4_HUMAN,73,-68305
ENA|AY278491|AY278491.2,sp|P28843|DPP4_MOUSE,59,-68355
ENA|AY278554|AY278554.2,sp|P27487|DPP4_HUMAN,73,-68304
ENA|AY278554|AY278554.2,sp|P28843|DPP4_MOUSE,73,-68387
ENA|AY282752|AY282752.2,sp|P27487|DPP4_HUMAN,73,-68304
ENA|AY282752|AY282752.2,sp|P28843|DPP4_MOUSE,73,-68387
ENA|AY323977|AY323977.2,sp|P27487|DPP4_HUMAN,73,-68332
ENA|AY323977|AY323977.2,sp|P28843|DPP4_MOUSE,59,-68381
ENA|AY338174|AY338174.1,sp|P27487|DPP4_HUMAN,73,-67753
ENA|AY338174|AY338174.1,sp|P28843|DPP4_MOUSE,59,-67808
ENA|AY338175|AY338175.1,sp|P27487|DPP4_HUMAN,73,-67753
ENA|AY338175|AY338175.1,sp|P28843|DPP4_MOUSE,59,-67808
ENA|AY345986|AY345986.1,sp|P27487|DPP4_HUMAN,73,-68307
ENA|AY345986|AY345986.1,sp|P28843|DPP4_MOUSE,73,-68394
ENA|AY345987|AY345987.1,sp|P27487|DPP4_HUMAN,73,-68307
ENA|AY345987|AY345987.1,sp|P28843|DPP4_MOUSE,73,-68394
ENA|AY345988|AY345988.1,sp|P27487|DPP4_HUMAN,73,-68304
ENA|AY345988|AY345988.1,sp|P28843|DPP4_MOUSE,73,-68394
ENA|AY348314|AY348314.1,sp|P27487|DPP4_HUMAN,73,-67753
ENA|AY348314|AY348314.1,sp|P28843|DPP4_MOUSE,59,-67808
ENA|AY350750|AY350750.1,sp|P27487|DPP4_HUMAN,73,-68304
ENA|AY350750|AY350750.1,sp|P28843|DPP4_MOUSE,73,-68387
ENA|AY351680|AY351680.1,sp|P27487|DPP4_HUMAN,66,-68278
ENA|AY351680|AY351680.1,sp|P28843|DPP4_MOUSE,58,-68350
ENA|AY357075|AY357075.1,sp|P27487|DPP4_HUMAN,73,-68331
ENA|AY357075|AY357075.1,sp|P28843|DPP4_MOUSE,73,-68412
ENA|AY357076|AY357076.1,sp|P27487|DPP4_HUMAN,73,-68328
ENA|AY357076|AY357076.1,sp|P28843|DPP4_MOUSE,73,-68411
ENA|AY394977|AY394977.1,sp|P27487|DPP4_HUMAN,73,-67427
ENA|AY394977|AY394977.1,sp|P28843|DPP4_MOUSE,59,-67495
ENA|AY394978|AY394978.1,sp|P27487|DPP4_HUMAN,73,-67943
ENA|AY394978|AY394978.1,sp|P28843|DPP4_MOUSE,59,-67996
ENA|AY394979|AY394979.1,sp|P27487|DPP4_HUMAN,73,-67903
ENA|AY394979|AY394979.1,sp|P28843|DPP4_MOUSE,59,-67961
ENA|AY394980|AY394980.1,sp|P27487|DPP4_HUMAN,73,-68199
ENA|AY394980|AY394980.1,sp|P28843|DPP4_MOUSE,59,-68256
ENA|AY394981|AY394981.1,sp|P27487|DPP4_HUMAN,73,-68107
ENA|AY394981|AY394981.1,sp|P28843|DPP4_MOUSE,59,-68169
ENA|AY394982|AY394982.1,sp|P27487|DPP4_HUMAN,73,-67911
ENA|AY394982|AY394982.1,sp|P28843|DPP4_MOUSE,59,-67973
ENA|AY394983|AY394983.1,sp|P27487|DPP4_HUMAN,73,-68049
ENA|AY394983|AY394983.1,sp|P28843|DPP4_MOUSE,59,-68104
ENA|AY394984|AY394984.1,sp|P27487|DPP4_HUMAN,73,-68191
ENA|AY394984|AY394984.1,sp|P28843|DPP4_MOUSE,57,-68270
ENA|AY394985|AY394985.1,sp|P27487|DPP4_HUMAN,73,-67310
ENA|AY394985|AY394985.1,sp|P28843|DPP4_MOUSE,73,-67379
ENA|AY394986|AY394986.1,sp|P27487|DPP4_HUMAN,73,-68101
ENA|AY394986|AY394986.1,sp|P28843|DPP4_MOUSE,59,-68163
ENA|AY394987|AY394987.1,sp|P27487|DPP4_HUMAN,73,-68046
ENA|AY394987|AY394987.1,sp|P28843|DPP4_MOUSE,59,-68104
ENA|AY394989|AY394989.1,sp|P27487|DPP4_HUMAN,73,-68304
ENA|AY394989|AY394989.1,sp|P28843|DPP4_MOUSE,73,-68387
ENA|AY394990|AY394990.1,sp|P27487|DPP4_HUMAN,73,-68304
ENA|AY394990|AY394990.1,sp|P28843|DPP4_MOUSE,73,-68387
ENA|AY394991|AY394991.1,sp|P27487|DPP4_HUMAN,73,-68304
ENA|AY394991|AY394991.1,sp|P28843|DPP4_MOUSE,73,-68387
ENA|AY394992|AY394992.1,sp|P27487|DPP4_HUMAN,73,-68304
ENA|AY394992|AY394992.1,sp|P28843|DPP4_MOUSE,73,-68387
ENA|AY394994|AY394994.1,sp|P27487|DPP4_HUMAN,73,-68404
ENA|AY394994|AY394994.1,sp|P28843|DPP4_MOUSE,73,-68486
ENA|AY394995|AY394995.1,sp|P27487|DPP4_HUMAN,73,-68404
ENA|AY394995|AY394995.1,sp|P28843|DPP4_MOUSE,73,-68486
ENA|AY394996|AY394996.1,sp|P27487|DPP4_HUMAN,73,-68188
ENA|AY394996|AY394996.1,sp|P28843|DPP4_MOUSE,73,-68263
ENA|AY394997|AY394997.1,sp|P27487|DPP4_HUMAN,73,-68188
ENA|AY394997|AY394997.1,sp|P28843|DPP4_MOUSE,73,-68263
ENA|AY395003|AY395003.1,sp|P27487|DPP4_HUMAN,73,-67913
ENA|AY395003|AY395003.1,sp|P28843|DPP4_MOUSE,59,-67973
ENA|AY395004|AY395004.1,sp|P27487|DPP4_HUMAN,73,-67839
ENA|AY395004|AY395004.1,sp|P28843|DPP4_MOUSE,59,-67891
ENA|AY427439|AY427439.1,sp|P27487|DPP4_HUMAN,73,-68240
ENA|AY427439|AY427439.1,sp|P28843|DPP4_MOUSE,73,-68323
ENA|AY485277|AY485277.1,sp|P27487|DPP4_HUMAN,73,-68297
ENA|AY485277|AY485277.1,sp|P28843|DPP4_MOUSE,59,-68347
ENA|AY485278|AY485278.1,sp|P27487|DPP4_HUMAN,73,-68302
ENA|AY485278|AY485278.1,sp|P28843|DPP4_MOUSE,59,-68354
ENA|AY508724|AY508724.1,sp|P27487|DPP4_HUMAN,75,-68292
ENA|AY508724|AY508724.1,sp|P28843|DPP4_MOUSE,75,-68376
ENA|AY572038|AY572038.1,sp|P27487|DPP4_HUMAN,72,-68033
ENA|AY572038|AY572038.1,sp|P28843|DPP4_MOUSE,59,-68099
ENA|AY595412|AY595412.1,sp|P27487|DPP4_HUMAN,75,-68031
ENA|AY595412|AY595412.1,sp|P28843|DPP4_MOUSE,75,-68097
ENA|AY613948|AY613948.1,sp|P27487|DPP4_HUMAN,72,-68101
ENA|AY613948|AY613948.1,sp|P28843|DPP4_MOUSE,59,-68167
ENA|AY613949|AY613949.1,sp|P27487|DPP4_HUMAN,72,-68094
ENA|AY613949|AY613949.1,sp|P28843|DPP4_MOUSE,59,-68167
ENA|AY613950|AY613950.1,sp|P27487|DPP4_HUMAN,72,-68121
ENA|AY613950|AY613950.1,sp|P28843|DPP4_MOUSE,63,-68179
ENA|AY686863|AY686863.1,sp|P27487|DPP4_HUMAN,72,-67500
ENA|AY686863|AY686863.1,sp|P28843|DPP4_MOUSE,59,-67569
ENA|AY714217|AY714217.1,sp|P27487|DPP4_HUMAN,73,-68265
ENA|AY714217|AY714217.1,sp|P28843|DPP4_MOUSE,59,-68315
ENA|DQ182595|DQ182595.1,sp|P27487|DPP4_HUMAN,73,-68232
ENA|DQ182595|DQ182595.1,sp|P28843|DPP4_MOUSE,73,-68316
ENA|DQ640652|DQ640652.1,sp|P27487|DPP4_HUMAN,75,-68044
ENA|DQ640652|DQ640652.1,sp|P28843|DPP4_MOUSE,75,-68111
ENA|EU371559|EU371559.1,sp|P27487|DPP4_HUMAN,73,-68273
ENA|EU371559|EU371559.1,sp|P28843|DPP4_MOUSE,59,-68323
ENA|EU371560|EU371560.1,sp|P27487|DPP4_HUMAN,73,-68273
ENA|EU371560|EU371560.1,sp|P28843|DPP4_MOUSE,59,-68326
ENA|EU371562|EU371562.1,sp|P27487|DPP4_HUMAN,73,-67922
ENA|EU371562|EU371562.1,sp|P28843|DPP4_MOUSE,59,-67982
ENA|EU371563|EU371563.1,sp|P27487|DPP4_HUMAN,73,-67933
ENA|EU371563|EU371563.1,sp|P28843|DPP4_MOUSE,59,-67986
ENA|EU371564|EU371564.1,sp|P27487|DPP4_HUMAN,73,-67700
ENA|EU371564|EU371564.1,sp|P28843|DPP4_MOUSE,59,-67752
ENA|FJ882928|FJ882928.1,sp|P27487|DPP4_HUMAN,73,-67925
ENA|FJ882928|FJ882928.1,sp|P28843|DPP4_MOUSE,59,-67984
ENA|FJ882929|FJ882929.1,sp|P27487|DPP4_HUMAN,73,-67868
ENA|FJ882929|FJ882929.1,sp|P28843|DPP4_MOUSE,59,-67931
ENA|FJ882931|FJ882931.1,sp|P27487|DPP4_HUMAN,73,-67863
ENA|FJ882931|FJ882931.1,sp|P28843|DPP4_MOUSE,59,-67931
ENA|FJ882938|FJ882938.1,sp|P27487|DPP4_HUMAN,73,-67929
ENA|FJ882938|FJ882938.1,sp|P28843|DPP4_MOUSE,59,-67984
ENA|FJ882940|FJ882940.1,sp|P27487|DPP4_HUMAN,73,-67868
ENA|FJ882940|FJ882940.1,sp|P28843|DPP4_MOUSE,59,-67928
ENA|FJ882941|FJ882941.1,sp|P27487|DPP4_HUMAN,73,-67866
ENA|FJ882941|FJ882941.1,sp|P28843|DPP4_MOUSE,59,-67928
ENA|FJ882943|FJ882943.1,sp|P27487|DPP4_HUMAN,73,-68262
ENA|FJ882943|FJ882943.1,sp|P28843|DPP4_MOUSE,59,-68316
ENA|FJ882944|FJ882944.1,sp|P27487|DPP4_HUMAN,73,-67868
ENA|FJ882944|FJ882944.1,sp|P28843|DPP4_MOUSE,59,-67925
ENA|FJ882945|FJ882945.1,sp|P27487|DPP4_HUMAN,73,-68265
ENA|FJ882945|FJ882945.1,sp|P28843|DPP4_MOUSE,59,-68316
ENA|FJ882948|FJ882948.1,sp|P27487|DPP4_HUMAN,73,-68265
ENA|FJ882948|FJ882948.1,sp|P28843|DPP4_MOUSE,59,-68316
ENA|FJ882950|FJ882950.1,sp|P27487|DPP4_HUMAN,73,-67866
ENA|FJ882950|FJ882950.1,sp|P28843|DPP4_MOUSE,59,-67926
ENA|FJ882952|FJ882952.1,sp|P27487|DPP4_HUMAN,73,-68265
ENA|FJ882952|FJ882952.1,sp|P28843|DPP4_MOUSE,59,-68316
ENA|FJ882954|FJ882954.1,sp|P27487|DPP4_HUMAN,73,-67860
ENA|FJ882954|FJ882954.1,sp|P28843|DPP4_MOUSE,59,-67920
ENA|FJ882955|FJ882955.1,sp|P27487|DPP4_HUMAN,73,-67869
ENA|FJ882955|FJ882955.1,sp|P28843|DPP4_MOUSE,59,-67928
ENA|FJ882956|FJ882956.1,sp|P27487|DPP4_HUMAN,73,-67860
ENA|FJ882956|FJ882956.1,sp|P28843|DPP4_MOUSE,59,-67925
ENA|FJ882958|FJ882958.1,sp|P27487|DPP4_HUMAN,73,-68265
ENA|FJ882958|FJ882958.1,sp|P28843|DPP4_MOUSE,59,-68316
ENA|FJ882960|FJ882960.1,sp|P27487|DPP4_HUMAN,73,-67869
ENA|FJ882960|FJ882960.1,sp|P28843|DPP4_MOUSE,59,-67928
ENA|FJ882961|FJ882961.1,sp|P27487|DPP4_HUMAN,73,-68265
ENA|FJ882961|FJ882961.1,sp|P28843|DPP4_MOUSE,59,-68316
ENA|HQ890541|HQ890541.1,sp|P27487|DPP4_HUMAN,73,-67871
ENA|HQ890541|HQ890541.1,sp|P28843|DPP4_MOUSE,59,-67929
ENA|HQ890542|HQ890542.1,sp|P27487|DPP4_HUMAN,73,-67871
ENA|HQ890542|HQ890542.1,sp|P28843|DPP4_MOUSE,59,-67929
ENA|HQ890543|HQ890543.1,sp|P27487|DPP4_HUMAN,73,-67871
ENA|HQ890543|HQ890543.1,sp|P28843|DPP4_MOUSE,59,-67929
ENA|HQ890544|HQ890544.1,sp|P27487|DPP4_HUMAN,73,-67871
ENA|HQ890544|HQ890544.1,sp|P28843|DPP4_MOUSE,59,-67929
ENA|HQ890545|HQ890545.1,sp|P27487|DPP4_HUMAN,73,-67871
ENA|HQ890545|HQ890545.1,sp|P28843|DPP4_MOUSE,59,-67929
ENA|HQ890546|HQ890546.1,sp|P27487|DPP4_HUMAN,73,-67871
ENA|HQ890546|HQ890546.1,sp|P28843|DPP4_MOUSE,59,-67929
ENA|JF292907|JF292907.1,sp|P27487|DPP4_HUMAN,73,-67871
ENA|JF292907|JF292907.1,sp|P28843|DPP4_MOUSE,59,-67929
ENA|JF292908|JF292908.1,sp|P27487|DPP4_HUMAN,73,-67871
ENA|JF292908|JF292908.1,sp|P28843|DPP4_MOUSE,59,-67929
ENA|JF292909|JF292909.1,sp|P27487|DPP4_HUMAN,73,-67871
ENA|JF292909|JF292909.1,sp|P28843|DPP4_MOUSE,59,-67929
ENA|JF292910|JF292910.1,sp|P27487|DPP4_HUMAN,73,-67871
ENA|JF292910|JF292910.1,sp|P28843|DPP4_MOUSE,59,-67929
ENA|JF292911|JF292911.1,sp|P27487|DPP4_HUMAN,73,-67871
ENA|JF292911|JF292911.1,sp|P28843|DPP4_MOUSE,59,-67929
ENA|JF292912|JF292912.1,sp|P27487|DPP4_HUMAN,73,-67871
ENA|JF292912|JF292912.1,sp|P28843|DPP4_MOUSE,59,-67929
ENA|JF292913|JF292913.1,sp|P27487|DPP4_HUMAN,73,-67871
ENA|JF292913|JF292913.1,sp|P28843|DPP4_MOUSE,59,-67929
ENA|JF292914|JF292914.1,sp|P27487|DPP4_HUMAN,73,-67871
ENA|JF292914|JF292914.1,sp|P28843|DPP4_MOUSE,59,-67929
ENA|JF292915|JF292915.1,sp|P27487|DPP4_HUMAN,73,-67871
ENA|JF292915|JF292915.1,sp|P28843|DPP4_MOUSE,59,-67929
ENA|JF292916|JF292916.1,sp|P27487|DPP4_HUMAN,73,-67871
ENA|JF292916|JF292916.1,sp|P28843|DPP4_MOUSE,59,-67929
ENA|JF292917|JF292917.1,sp|P27487|DPP4_HUMAN,73,-67871
ENA|JF292917|JF292917.1,sp|P28843|DPP4_MOUSE,59,-67929
ENA|JF292918|JF292918.1,sp|P27487|DPP4_HUMAN,73,-67871
ENA|JF292918|JF292918.1,sp|P28843|DPP4_MOUSE,59,-67929
ENA|JF292919|JF292919.1,sp|P27487|DPP4_HUMAN,73,-67871
ENA|JF292919|JF292919.1,sp|P28843|DPP4_MOUSE,59,-67929
ENA|JF292920|JF292920.1,sp|P27487|DPP4_HUMAN,73,-67871
ENA|JF292920|JF292920.1,sp|P28843|DPP4_MOUSE,59,-67929
ENA|JF292922|JF292922.1,sp|P27487|DPP4_HUMAN,73,-67872
ENA|JF292922|JF292922.1,sp|P28843|DPP4_MOUSE,59,-67930
ENA|JQ316196|JQ316196.1,sp|P27487|DPP4_HUMAN,73,-68265
ENA|JQ316196|JQ316196.1,sp|P28843|DPP4_MOUSE,59,-68315
ENA|JX162087|JX162087.1,sp|P27487|DPP4_HUMAN,73,-67927
ENA|JX162087|JX162087.1,sp|P28843|DPP4_MOUSE,59,-67986
ENA|KT444582|KT444582.1,sp|P27487|DPP4_HUMAN,75,-69710
ENA|KT444582|KT444582.1,sp|P28843|DPP4_MOUSE,65,-69768
ENA|KY417144|KY417144.1,sp|P27487|DPP4_HUMAN,69,-68350
ENA|KY417144|KY417144.1,sp|P28843|DPP4_MOUSE,65,-68417
ENA|KY417145|KY417145.1,sp|P27487|DPP4_HUMAN,81,-68196
ENA|KY417145|KY417145.1,sp|P28843|DPP4_MOUSE,76,-68262
ENA|KY417149|KY417149.1,sp|P27487|DPP4_HUMAN,69,-68302
ENA|KY417149|KY417149.1,sp|P28843|DPP4_MOUSE,59,-68350
ENA|DQ022305|DQ022305.2,sp|P27487|DPP4_HUMAN,76,-68258
ENA|DQ022305|DQ022305.2,sp|P28843|DPP4_MOUSE,78,-68336
ENA|DQ084199|DQ084199.1,sp|P27487|DPP4_HUMAN,73,-67916
ENA|DQ084199|DQ084199.1,sp|P28843|DPP4_MOUSE,78,-68002
ENA|FJ882927|FJ882927.1,sp|P27487|DPP4_HUMAN,73,-67929
ENA|FJ882927|FJ882927.1,sp|P28843|DPP4_MOUSE,59,-67984
ENA|FJ882932|FJ882932.1,sp|P27487|DPP4_HUMAN,73,-67873
ENA|FJ882932|FJ882932.1,sp|P28843|DPP4_MOUSE,59,-67928
ENA|FJ882933|FJ882933.1,sp|P27487|DPP4_HUMAN,73,-67873
ENA|FJ882933|FJ882933.1,sp|P28843|DPP4_MOUSE,59,-67928
ENA|FJ882934|FJ882934.1,sp|P27487|DPP4_HUMAN,73,-67873
ENA|FJ882934|FJ882934.1,sp|P28843|DPP4_MOUSE,59,-67928
ENA|FJ882935|FJ882935.1,sp|P27487|DPP4_HUMAN,73,-67873
ENA|FJ882935|FJ882935.1,sp|P28843|DPP4_MOUSE,59,-67928
ENA|FJ882936|FJ882936.1,sp|P27487|DPP4_HUMAN,73,-67873
ENA|FJ882936|FJ882936.1,sp|P28843|DPP4_MOUSE,59,-67928
ENA|FJ882937|FJ882937.1,sp|P27487|DPP4_HUMAN,73,-67873
ENA|FJ882937|FJ882937.1,sp|P28843|DPP4_MOUSE,59,-67928
ENA|FJ882939|FJ882939.1,sp|P27487|DPP4_HUMAN,73,-67873
ENA|FJ882939|FJ882939.1,sp|P28843|DPP4_MOUSE,59,-67928
ENA|FJ882942|FJ882942.1,sp|P27487|DPP4_HUMAN,73,-68257
ENA|FJ882942|FJ882942.1,sp|P28843|DPP4_MOUSE,59,-68318
ENA|FJ882946|FJ882946.1,sp|P27487|DPP4_HUMAN,73,-67873
ENA|FJ882946|FJ882946.1,sp|P28843|DPP4_MOUSE,59,-67928
ENA|FJ882947|FJ882947.1,sp|P27487|DPP4_HUMAN,73,-67793
ENA|FJ882947|FJ882947.1,sp|P28843|DPP4_MOUSE,59,-67848
ENA|FJ882949|FJ882949.1,sp|P27487|DPP4_HUMAN,73,-67873
ENA|FJ882949|FJ882949.1,sp|P28843|DPP4_MOUSE,59,-67928
ENA|FJ882951|FJ882951.1,sp|P27487|DPP4_HUMAN,73,-68257
ENA|FJ882951|FJ882951.1,sp|P28843|DPP4_MOUSE,59,-68315
ENA|FJ882953|FJ882953.1,sp|P27487|DPP4_HUMAN,73,-67870
ENA|FJ882953|FJ882953.1,sp|P28843|DPP4_MOUSE,59,-67926
ENA|FJ882959|FJ882959.1,sp|P27487|DPP4_HUMAN,73,-68252
ENA|FJ882959|FJ882959.1,sp|P28843|DPP4_MOUSE,60,-68311
ENA|FJ882962|FJ882962.1,sp|P27487|DPP4_HUMAN,73,-68254
ENA|FJ882962|FJ882962.1,sp|P28843|DPP4_MOUSE,59,-68312
ENA|GQ153539|GQ153539.1,sp|P27487|DPP4_HUMAN,73,-68190
ENA|GQ153539|GQ153539.1,sp|P28843|DPP4_MOUSE,78,-68273
ENA|GQ153540|GQ153540.1,sp|P27487|DPP4_HUMAN,74,-68190
ENA|GQ153540|GQ153540.1,sp|P28843|DPP4_MOUSE,78,-68275
ENA|GQ153541|GQ153541.1,sp|P27487|DPP4_HUMAN,73,-68190
ENA|GQ153541|GQ153541.1,sp|P28843|DPP4_MOUSE,78,-68266
ENA|GQ153542|GQ153542.1,sp|P27487|DPP4_HUMAN,76,-68254
ENA|GQ153542|GQ153542.1,sp|P28843|DPP4_MOUSE,77,-68316
ENA|GQ153543|GQ153543.1,sp|P27487|DPP4_HUMAN,76,-68147
ENA|GQ153543|GQ153543.1,sp|P28843|DPP4_MOUSE,77,-68212
ENA|GQ153544|GQ153544.1,sp|P27487|DPP4_HUMAN,74,-68166
ENA|GQ153544|GQ153544.1,sp|P28843|DPP4_MOUSE,78,-68251
ENA|GQ153545|GQ153545.1,sp|P27487|DPP4_HUMAN,74,-68166
ENA|GQ153545|GQ153545.1,sp|P28843|DPP4_MOUSE,78,-68251
ENA|GQ153546|GQ153546.1,sp|P27487|DPP4_HUMAN,74,-68167
ENA|GQ153546|GQ153546.1,sp|P28843|DPP4_MOUSE,78,-68251
ENA|GQ153547|GQ153547.1,sp|P27487|DPP4_HUMAN,73,-68203
ENA|GQ153547|GQ153547.1,sp|P28843|DPP4_MOUSE,64,-68280
ENA|GQ153548|GQ153548.1,sp|P27487|DPP4_HUMAN,74,-68118
ENA|GQ153548|GQ153548.1,sp|P28843|DPP4_MOUSE,76,-68204
ENA|GU553363|GU553363.1,sp|P27487|DPP4_HUMAN,73,-67874
ENA|GU553363|GU553363.1,sp|P28843|DPP4_MOUSE,59,-67927
ENA|GU553364|GU553364.1,sp|P27487|DPP4_HUMAN,73,-67874
ENA|GU553364|GU553364.1,sp|P28843|DPP4_MOUSE,59,-67927
ENA|GU553365|GU553365.1,sp|P27487|DPP4_HUMAN,73,-67874
ENA|GU553365|GU553365.1,sp|P28843|DPP4_MOUSE,59,-67927
ENA|HQ890526|HQ890526.1,sp|P27487|DPP4_HUMAN,73,-67870
ENA|HQ890526|HQ890526.1,sp|P28843|DPP4_MOUSE,59,-67929
ENA|HQ890527|HQ890527.1,sp|P27487|DPP4_HUMAN,73,-67870
ENA|HQ890527|HQ890527.1,sp|P28843|DPP4_MOUSE,59,-67929
ENA|HQ890528|HQ890528.1,sp|P27487|DPP4_HUMAN,73,-67870
ENA|HQ890528|HQ890528.1,sp|P28843|DPP4_MOUSE,59,-67929
ENA|HQ890529|HQ890529.1,sp|P27487|DPP4_HUMAN,73,-67870
ENA|HQ890529|HQ890529.1,sp|P28843|DPP4_MOUSE,59,-67929
ENA|HQ890530|HQ890530.1,sp|P27487|DPP4_HUMAN,73,-67870
ENA|HQ890530|HQ890530.1,sp|P28843|DPP4_MOUSE,59,-67929
ENA|HQ890531|HQ890531.1,sp|P27487|DPP4_HUMAN,73,-67870
ENA|HQ890531|HQ890531.1,sp|P28843|DPP4_MOUSE,59,-67929
ENA|HQ890532|HQ890532.1,sp|P27487|DPP4_HUMAN,73,-67870
ENA|HQ890532|HQ890532.1,sp|P28843|DPP4_MOUSE,59,-67929
ENA|HQ890533|HQ890533.1,sp|P27487|DPP4_HUMAN,73,-67870
ENA|HQ890533|HQ890533.1,sp|P28843|DPP4_MOUSE,59,-67929
ENA|HQ890534|HQ890534.1,sp|P27487|DPP4_HUMAN,73,-67870
ENA|HQ890534|HQ890534.1,sp|P28843|DPP4_MOUSE,59,-67929
ENA|HQ890535|HQ890535.1,sp|P27487|DPP4_HUMAN,73,-67870
ENA|HQ890535|HQ890535.1,sp|P28843|DPP4_MOUSE,59,-67929
ENA|HQ890536|HQ890536.1,sp|P27487|DPP4_HUMAN,73,-67870
ENA|HQ890536|HQ890536.1,sp|P28843|DPP4_MOUSE,59,-67929
ENA|HQ890537|HQ890537.1,sp|P27487|DPP4_HUMAN,73,-67870
ENA|HQ890537|HQ890537.1,sp|P28843|DPP4_MOUSE,59,-67929
ENA|HQ890538|HQ890538.1,sp|P27487|DPP4_HUMAN,73,-67870
ENA|HQ890538|HQ890538.1,sp|P28843|DPP4_MOUSE,59,-67929
ENA|HQ890539|HQ890539.1,sp|P27487|DPP4_HUMAN,73,-67870
ENA|HQ890539|HQ890539.1,sp|P28843|DPP4_MOUSE,59,-67929
ENA|HQ890540|HQ890540.1,sp|P27487|DPP4_HUMAN,73,-67870
ENA|HQ890540|HQ890540.1,sp|P28843|DPP4_MOUSE,59,-67929
ENA|JF292902|JF292902.1,sp|P27487|DPP4_HUMAN,73,-67870
ENA|JF292902|JF292902.1,sp|P28843|DPP4_MOUSE,59,-67929
ENA|JF292903|JF292903.1,sp|P27487|DPP4_HUMAN,73,-67870
ENA|JF292903|JF292903.1,sp|P28843|DPP4_MOUSE,59,-67929
ENA|JF292904|JF292904.1,sp|P27487|DPP4_HUMAN,73,-67870
ENA|JF292904|JF292904.1,sp|P28843|DPP4_MOUSE,59,-67929
ENA|JF292905|JF292905.1,sp|P27487|DPP4_HUMAN,73,-67870
ENA|JF292905|JF292905.1,sp|P28843|DPP4_MOUSE,59,-67929
ENA|JF292906|JF292906.1,sp|P27487|DPP4_HUMAN,73,-67870
ENA|JF292906|JF292906.1,sp|P28843|DPP4_MOUSE,59,-67929
ENA|JF292921|JF292921.1,sp|P27487|DPP4_HUMAN,73,-67873
ENA|JF292921|JF292921.1,sp|P28843|DPP4_MOUSE,59,-67928
ENA|JN854286|JN854286.1,sp|P27487|DPP4_HUMAN,73,-68262
ENA|JN854286|JN854286.1,sp|P28843|DPP4_MOUSE,59,-68315
ENA|KC881005|KC881005.1,sp|P27487|DPP4_HUMAN,64,-68383
ENA|KC881005|KC881005.1,sp|P28843|DPP4_MOUSE,65,-68440
ENA|KC881006|KC881006.1,sp|P27487|DPP4_HUMAN,64,-68412
ENA|KC881006|KC881006.1,sp|P28843|DPP4_MOUSE,65,-68467
ENA|KF367457|KF367457.1,sp|P27487|DPP4_HUMAN,71,-69751
ENA|KF367457|KF367457.1,sp|P28843|DPP4_MOUSE,64,-69817
ENA|KF514388|KF514388.1,sp|P27487|DPP4_HUMAN,73,-67929
ENA|KF514388|KF514388.1,sp|P28843|DPP4_MOUSE,59,-67984
ENA|KF514389|KF514389.1,sp|P27487|DPP4_HUMAN,73,-67925
ENA|KF514389|KF514389.1,sp|P28843|DPP4_MOUSE,59,-67984
